{
	"experience": [
		{
			"position": "Backend Developer",
			"company": "CONICET",
			"img": "https://es.wikipedia.org/wiki/Consejo_Nacional_de_Investigaciones_Cient%C3%ADficas_y_T%C3%A9cnicas_(Argentina)#/media/Archivo:Conicet_Logo_con_letras.png",
			"mode": "Free Lance",
			"start": "mar 2019",
			"end": "actualidad",
			"timeElapsed": "2 años y 6 meses",
			"Place": "Buenos Aires, Argentina"
		},
		{
			"position": "Backend Developer",
			"company": "Pixar",
			"img": "https://media-exp1.licdn.com/dms/image/C4E0BAQFhOoraRhsOSQ/company-logo_100_100/0/1590421269154?e=1637798400&v=beta&t=gyinTA0GPG1xIBDPj01L33mQHcdOdyMOdpoRHY640Pc",
			"mode": "Jornada parcial",
			"start": "mar 2019",
			"end": "actualidad",
			"timeElapsed": "2 años y 6 meses",
			"Place": "1200 Park Ave emeryville, ca, USA"
		},
		{
			"position": "Backend Developer",
			"company": "Mercado Libre",
			"img": "https://media-exp1.licdn.com/dms/image/C4E0BAQFhOoraRhsOSQ/company-logo_100_100/0/1590421269154?e=1637798400&v=beta&t=gyinTA0GPG1xIBDPj01L33mQHcdOdyMOdpoRHY640Pc",
			"mode": "Jornada parcial",
			"start": "mar 2019",
			"end": "actualidad",
			"timeElapsed": "2 años y 6 meses",
			"Place": "1200 Park Ave emeryville, ca, USA"
		}
	]
}